{"cameraMode":{"drawMode":0,"name":"Shaded","section":"Shading Mode"},"sceneLighting":true,"audioPlay":false,"sceneViewState":{"showFog":true,"showMaterialUpdate":false,"showSkybox":true,"showFlares":true,"showImageEffects":true,"showParticleSystems":true},"in2DMode":false,"pivot":{"x":-1.9185904264450074,"y":9.648362159729004,"z":3.5031673908233644},"rotation":{"x":-0.14670275151729585,"y":0.031744323670864108,"z":-0.004714434966444969,"w":-0.9886701703071594},"size":22.0,"orthographic":false}